Model,Zone,Feature,Importance
Random Forest,Zone_1_Power_Consumption,Day_of_Week,2.8376005327920048e-05
Random Forest,Zone_1_Power_Consumption,Diffuse_Flows,0.0009170187935913295
Random Forest,Zone_1_Power_Consumption,General_Diffuse_Flows,0.0010169676438808886
Random Forest,Zone_1_Power_Consumption,Hour,0.0008036824842990844
Random Forest,Zone_1_Power_Consumption,Humidity,7.432953253930845e-05
Random Forest,Zone_1_Power_Consumption,Is_Peak_Hour,8.354729647579655e-05
Random Forest,Zone_1_Power_Consumption,Is_Weekend,3.4952000282899484e-06
Random Forest,Zone_1_Power_Consumption,Month,1.9678378111042327e-05
Random Forest,Zone_1_Power_Consumption,Quarter,9.679819090932635e-06
Random Forest,Zone_1_Power_Consumption,Season_Autumn,1.0746302116058959e-06
Random Forest,Zone_1_Power_Consumption,Season_Spring,4.211081660504841e-06
Random Forest,Zone_1_Power_Consumption,Season_Summer,3.2846264276207745e-06
Random Forest,Zone_1_Power_Consumption,Season_Winter,2.7590180023667844e-06
Random Forest,Zone_1_Power_Consumption,Temp_Humidity_Index,6.882408177824875e-05
Random Forest,Zone_1_Power_Consumption,Temperature,5.7750311993933165e-05
Random Forest,Zone_1_Power_Consumption,Wind_Speed,5.7353844258185814e-05
Random Forest,Zone_1_Power_Consumption,Zone_1_lag_1,0.7598782746315341
Random Forest,Zone_1_Power_Consumption,Zone_1_lag_144,0.0389424304018068
Random Forest,Zone_1_Power_Consumption,Zone_1_lag_6,0.0004072172118473794
Random Forest,Zone_1_Power_Consumption,Zone_1_roll_max_1h,0.02090345198924782
Random Forest,Zone_1_Power_Consumption,Zone_1_roll_max_24h,0.00010735781470604907
Random Forest,Zone_1_Power_Consumption,Zone_1_roll_mean_1h,0.11301252888384572
Random Forest,Zone_1_Power_Consumption,Zone_1_roll_mean_24h,0.000206099652751571
Random Forest,Zone_1_Power_Consumption,Zone_1_roll_min_1h,0.057743985862588956
Random Forest,Zone_1_Power_Consumption,Zone_1_roll_min_24h,6.73582375694843e-05
Random Forest,Zone_1_Power_Consumption,Zone_1_roll_std_1h,0.0003513328641417696
Random Forest,Zone_1_Power_Consumption,Zone_1_roll_std_24h,8.261971739767691e-05
Random Forest,Zone_1_Power_Consumption,Zone_2_lag_1,0.002412635138637217
Random Forest,Zone_1_Power_Consumption,Zone_2_lag_144,0.00010436355910973493
Random Forest,Zone_1_Power_Consumption,Zone_2_lag_6,4.676794310943279e-05
Random Forest,Zone_1_Power_Consumption,Zone_2_roll_max_1h,5.684165299682664e-05
Random Forest,Zone_1_Power_Consumption,Zone_2_roll_max_24h,5.173870546288182e-05
Random Forest,Zone_1_Power_Consumption,Zone_2_roll_mean_1h,4.50927186098309e-05
Random Forest,Zone_1_Power_Consumption,Zone_2_roll_mean_24h,6.4828804346135e-05
Random Forest,Zone_1_Power_Consumption,Zone_2_roll_min_1h,3.828297221315171e-05
Random Forest,Zone_1_Power_Consumption,Zone_2_roll_min_24h,6.500450319997792e-05
Random Forest,Zone_1_Power_Consumption,Zone_2_roll_std_1h,0.00029215818746978583
Random Forest,Zone_1_Power_Consumption,Zone_2_roll_std_24h,7.758510608808589e-05
Random Forest,Zone_1_Power_Consumption,Zone_3_lag_1,3.785947425914412e-05
Random Forest,Zone_1_Power_Consumption,Zone_3_lag_144,7.14285371743143e-05
Random Forest,Zone_1_Power_Consumption,Zone_3_lag_6,5.872512492872345e-05
Random Forest,Zone_1_Power_Consumption,Zone_3_roll_max_1h,3.516714279081702e-05
Random Forest,Zone_1_Power_Consumption,Zone_3_roll_max_24h,2.6261922141587934e-05
Random Forest,Zone_1_Power_Consumption,Zone_3_roll_mean_1h,3.7838874882065244e-05
Random Forest,Zone_1_Power_Consumption,Zone_3_roll_mean_24h,4.886738168420286e-05
Random Forest,Zone_1_Power_Consumption,Zone_3_roll_min_1h,3.547320419200111e-05
Random Forest,Zone_1_Power_Consumption,Zone_3_roll_min_24h,3.900589237366084e-05
Random Forest,Zone_1_Power_Consumption,Zone_3_roll_std_1h,0.001435441715960547
Random Forest,Zone_1_Power_Consumption,Zone_3_roll_std_24h,6.394142325534549e-05
XGBoost,Zone_1_Power_Consumption,Day_of_Week,0.0003879223659168929
XGBoost,Zone_1_Power_Consumption,Diffuse_Flows,0.004033295437693596
XGBoost,Zone_1_Power_Consumption,General_Diffuse_Flows,0.0018258203053846955
XGBoost,Zone_1_Power_Consumption,Hour,0.0011177344713360071
XGBoost,Zone_1_Power_Consumption,Humidity,0.00019460644398350269
XGBoost,Zone_1_Power_Consumption,Is_Peak_Hour,0.0022621098905801773
XGBoost,Zone_1_Power_Consumption,Is_Weekend,0.00020607099577318877
XGBoost,Zone_1_Power_Consumption,Month,0.00025660538813099265
XGBoost,Zone_1_Power_Consumption,Quarter,0.0006326265283860266
XGBoost,Zone_1_Power_Consumption,Season_Autumn,0.0
XGBoost,Zone_1_Power_Consumption,Season_Spring,0.00017307356756646186
XGBoost,Zone_1_Power_Consumption,Season_Summer,0.00023387058172374964
XGBoost,Zone_1_Power_Consumption,Season_Winter,0.00022713257931172848
XGBoost,Zone_1_Power_Consumption,Temp_Humidity_Index,0.00019547398551367223
XGBoost,Zone_1_Power_Consumption,Temperature,0.00031919166212901473
XGBoost,Zone_1_Power_Consumption,Wind_Speed,0.0001621534611331299
XGBoost,Zone_1_Power_Consumption,Zone_1_lag_1,0.7028466463088989
XGBoost,Zone_1_Power_Consumption,Zone_1_lag_144,0.05739647522568703
XGBoost,Zone_1_Power_Consumption,Zone_1_lag_6,0.002027244074270129
XGBoost,Zone_1_Power_Consumption,Zone_1_roll_max_1h,0.0063507636077702045
XGBoost,Zone_1_Power_Consumption,Zone_1_roll_max_24h,0.0005435919156298041
XGBoost,Zone_1_Power_Consumption,Zone_1_roll_mean_1h,0.12078333646059036
XGBoost,Zone_1_Power_Consumption,Zone_1_roll_mean_24h,0.0008001758833415806
XGBoost,Zone_1_Power_Consumption,Zone_1_roll_min_1h,0.08765781670808792
XGBoost,Zone_1_Power_Consumption,Zone_1_roll_min_24h,0.00038584612775593996
XGBoost,Zone_1_Power_Consumption,Zone_1_roll_std_1h,0.0006748631130903959
XGBoost,Zone_1_Power_Consumption,Zone_1_roll_std_24h,0.00018849306798074394
XGBoost,Zone_1_Power_Consumption,Zone_2_lag_1,0.0005865466082468629
XGBoost,Zone_1_Power_Consumption,Zone_2_lag_144,0.0003003909077960998
XGBoost,Zone_1_Power_Consumption,Zone_2_lag_6,0.00017476256471127272
XGBoost,Zone_1_Power_Consumption,Zone_2_roll_max_1h,0.00023148405307438225
XGBoost,Zone_1_Power_Consumption,Zone_2_roll_max_24h,0.0002196426794398576
XGBoost,Zone_1_Power_Consumption,Zone_2_roll_mean_1h,0.00037633010651916265
XGBoost,Zone_1_Power_Consumption,Zone_2_roll_mean_24h,0.00032790403929539025
XGBoost,Zone_1_Power_Consumption,Zone_2_roll_min_1h,0.00033392818295396864
XGBoost,Zone_1_Power_Consumption,Zone_2_roll_min_24h,0.00021006472525186837
XGBoost,Zone_1_Power_Consumption,Zone_2_roll_std_1h,0.00046464361366815865
XGBoost,Zone_1_Power_Consumption,Zone_2_roll_std_24h,0.00013727151963394135
XGBoost,Zone_1_Power_Consumption,Zone_3_lag_1,0.0001988628355320543
XGBoost,Zone_1_Power_Consumption,Zone_3_lag_144,0.00035340580507181585
XGBoost,Zone_1_Power_Consumption,Zone_3_lag_6,0.0003548374806996435
XGBoost,Zone_1_Power_Consumption,Zone_3_roll_max_1h,0.00017414736794307828
XGBoost,Zone_1_Power_Consumption,Zone_3_roll_max_24h,0.00022337127302307636
XGBoost,Zone_1_Power_Consumption,Zone_3_roll_mean_1h,0.00028246387955732644
XGBoost,Zone_1_Power_Consumption,Zone_3_roll_mean_24h,0.00019697911920957267
XGBoost,Zone_1_Power_Consumption,Zone_3_roll_min_1h,0.0003047955397050828
XGBoost,Zone_1_Power_Consumption,Zone_3_roll_min_24h,0.00011868726141983643
XGBoost,Zone_1_Power_Consumption,Zone_3_roll_std_1h,0.0023301905021071434
XGBoost,Zone_1_Power_Consumption,Zone_3_roll_std_24h,0.00021629349794238806
Random Forest,Zone_2_Power_Consumption,Day_of_Week,2.10828514846757e-05
Random Forest,Zone_2_Power_Consumption,Diffuse_Flows,0.0005866418821266381
Random Forest,Zone_2_Power_Consumption,General_Diffuse_Flows,0.0010895531783483682
Random Forest,Zone_2_Power_Consumption,Hour,0.0001854458064431679
Random Forest,Zone_2_Power_Consumption,Humidity,5.672686725395856e-05
Random Forest,Zone_2_Power_Consumption,Is_Peak_Hour,1.4059817377678286e-05
Random Forest,Zone_2_Power_Consumption,Is_Weekend,3.525890999471326e-06
Random Forest,Zone_2_Power_Consumption,Month,1.712051049691825e-05
Random Forest,Zone_2_Power_Consumption,Quarter,6.574036620184698e-06
Random Forest,Zone_2_Power_Consumption,Season_Autumn,9.245345651372658e-07
Random Forest,Zone_2_Power_Consumption,Season_Spring,4.4129549441647445e-06
Random Forest,Zone_2_Power_Consumption,Season_Summer,1.3480221883895778e-06
Random Forest,Zone_2_Power_Consumption,Season_Winter,2.067463921647401e-06
Random Forest,Zone_2_Power_Consumption,Temp_Humidity_Index,5.089673513706088e-05
Random Forest,Zone_2_Power_Consumption,Temperature,4.755739660478299e-05
Random Forest,Zone_2_Power_Consumption,Wind_Speed,6.36712944851505e-05
Random Forest,Zone_2_Power_Consumption,Zone_1_lag_1,8.200176527210726e-05
Random Forest,Zone_2_Power_Consumption,Zone_1_lag_144,0.00011092818750135775
Random Forest,Zone_2_Power_Consumption,Zone_1_lag_6,0.00012718660466745142
Random Forest,Zone_2_Power_Consumption,Zone_1_roll_max_1h,7.064213262213926e-05
Random Forest,Zone_2_Power_Consumption,Zone_1_roll_max_24h,4.439972563260401e-05
Random Forest,Zone_2_Power_Consumption,Zone_1_roll_mean_1h,9.114024878714217e-05
Random Forest,Zone_2_Power_Consumption,Zone_1_roll_mean_24h,7.30807067799371e-05
Random Forest,Zone_2_Power_Consumption,Zone_1_roll_min_1h,5.982796235557333e-05
Random Forest,Zone_2_Power_Consumption,Zone_1_roll_min_24h,4.671467251812679e-05
Random Forest,Zone_2_Power_Consumption,Zone_1_roll_std_1h,0.00027403949231517887
Random Forest,Zone_2_Power_Consumption,Zone_1_roll_std_24h,5.820801024704328e-05
Random Forest,Zone_2_Power_Consumption,Zone_2_lag_1,0.7388481532938647
Random Forest,Zone_2_Power_Consumption,Zone_2_lag_144,0.0017390156227863702
Random Forest,Zone_2_Power_Consumption,Zone_2_lag_6,0.015173487018341644
Random Forest,Zone_2_Power_Consumption,Zone_2_roll_max_1h,0.07491532274267844
Random Forest,Zone_2_Power_Consumption,Zone_2_roll_max_24h,6.68298032431322e-05
Random Forest,Zone_2_Power_Consumption,Zone_2_roll_mean_1h,0.13289259148509583
Random Forest,Zone_2_Power_Consumption,Zone_2_roll_mean_24h,0.00013394690264372435
Random Forest,Zone_2_Power_Consumption,Zone_2_roll_min_1h,0.0311366577509803
Random Forest,Zone_2_Power_Consumption,Zone_2_roll_min_24h,7.140228988087873e-05
Random Forest,Zone_2_Power_Consumption,Zone_2_roll_std_1h,0.0002399353234316454
Random Forest,Zone_2_Power_Consumption,Zone_2_roll_std_24h,6.56922559970632e-05
Random Forest,Zone_2_Power_Consumption,Zone_3_lag_1,5.292009905995623e-05
Random Forest,Zone_2_Power_Consumption,Zone_3_lag_144,0.00010268919862698622
Random Forest,Zone_2_Power_Consumption,Zone_3_lag_6,0.00011070892993257472
Random Forest,Zone_2_Power_Consumption,Zone_3_roll_max_1h,5.672840087347563e-05
Random Forest,Zone_2_Power_Consumption,Zone_3_roll_max_24h,2.6381822560255156e-05
Random Forest,Zone_2_Power_Consumption,Zone_3_roll_mean_1h,9.659560253906277e-05
Random Forest,Zone_2_Power_Consumption,Zone_3_roll_mean_24h,5.421754308442939e-05
Random Forest,Zone_2_Power_Consumption,Zone_3_roll_min_1h,5.0841697396349643e-05
Random Forest,Zone_2_Power_Consumption,Zone_3_roll_min_24h,3.69372436772912e-05
Random Forest,Zone_2_Power_Consumption,Zone_3_roll_std_1h,0.0008727699298428332
Random Forest,Zone_2_Power_Consumption,Zone_3_roll_std_24h,6.639629176699551e-05
XGBoost,Zone_2_Power_Consumption,Day_of_Week,0.0003620293573476374
XGBoost,Zone_2_Power_Consumption,Diffuse_Flows,0.004383268300443888
XGBoost,Zone_2_Power_Consumption,General_Diffuse_Flows,0.002911036368459463
XGBoost,Zone_2_Power_Consumption,Hour,0.0007413614075630903
XGBoost,Zone_2_Power_Consumption,Humidity,8.769712439971045e-05
XGBoost,Zone_2_Power_Consumption,Is_Peak_Hour,0.001848320011049509
XGBoost,Zone_2_Power_Consumption,Is_Weekend,0.00129229505546391
XGBoost,Zone_2_Power_Consumption,Month,0.00040650859591551125
XGBoost,Zone_2_Power_Consumption,Quarter,0.0
XGBoost,Zone_2_Power_Consumption,Season_Autumn,0.0
XGBoost,Zone_2_Power_Consumption,Season_Spring,0.0002806649717967957
XGBoost,Zone_2_Power_Consumption,Season_Summer,0.0
XGBoost,Zone_2_Power_Consumption,Season_Winter,0.0
XGBoost,Zone_2_Power_Consumption,Temp_Humidity_Index,0.00011145749886054546
XGBoost,Zone_2_Power_Consumption,Temperature,0.00016258031246252358
XGBoost,Zone_2_Power_Consumption,Wind_Speed,8.527716272510588e-05
XGBoost,Zone_2_Power_Consumption,Zone_1_lag_1,0.00046376188402064145
XGBoost,Zone_2_Power_Consumption,Zone_1_lag_144,0.0007541451486758888
XGBoost,Zone_2_Power_Consumption,Zone_1_lag_6,0.0007711353828199208
XGBoost,Zone_2_Power_Consumption,Zone_1_roll_max_1h,0.00030912351212464273
XGBoost,Zone_2_Power_Consumption,Zone_1_roll_max_24h,0.00010388746159151196
XGBoost,Zone_2_Power_Consumption,Zone_1_roll_mean_1h,0.0005104041774757206
XGBoost,Zone_2_Power_Consumption,Zone_1_roll_mean_24h,0.000187345125596039
XGBoost,Zone_2_Power_Consumption,Zone_1_roll_min_1h,0.0003426568291615695
XGBoost,Zone_2_Power_Consumption,Zone_1_roll_min_24h,0.00015814238577149808
XGBoost,Zone_2_Power_Consumption,Zone_1_roll_std_1h,0.0005464891437441111
XGBoost,Zone_2_Power_Consumption,Zone_1_roll_std_24h,0.00010116220801137388
XGBoost,Zone_2_Power_Consumption,Zone_2_lag_1,0.6233990788459778
XGBoost,Zone_2_Power_Consumption,Zone_2_lag_144,0.008377093821763992
XGBoost,Zone_2_Power_Consumption,Zone_2_lag_6,0.0023526481818407774
XGBoost,Zone_2_Power_Consumption,Zone_2_roll_max_1h,0.0698281079530716
XGBoost,Zone_2_Power_Consumption,Zone_2_roll_max_24h,0.00031355288228951395
XGBoost,Zone_2_Power_Consumption,Zone_2_roll_mean_1h,0.26382267475128174
XGBoost,Zone_2_Power_Consumption,Zone_2_roll_mean_24h,0.0004658022371586412
XGBoost,Zone_2_Power_Consumption,Zone_2_roll_min_1h,0.007280144840478897
XGBoost,Zone_2_Power_Consumption,Zone_2_roll_min_24h,0.0004513532330747694
XGBoost,Zone_2_Power_Consumption,Zone_2_roll_std_1h,0.0005386970588006079
XGBoost,Zone_2_Power_Consumption,Zone_2_roll_std_24h,0.00018581125186756253
XGBoost,Zone_2_Power_Consumption,Zone_3_lag_1,0.0002114497183356434
XGBoost,Zone_2_Power_Consumption,Zone_3_lag_144,0.0007824097410775721
XGBoost,Zone_2_Power_Consumption,Zone_3_lag_6,0.0009576064185239375
XGBoost,Zone_2_Power_Consumption,Zone_3_roll_max_1h,0.0004463103541638702
XGBoost,Zone_2_Power_Consumption,Zone_3_roll_max_24h,0.0001990225719055161
XGBoost,Zone_2_Power_Consumption,Zone_3_roll_mean_1h,0.0012025771429762244
XGBoost,Zone_2_Power_Consumption,Zone_3_roll_mean_24h,0.00018363285926170647
XGBoost,Zone_2_Power_Consumption,Zone_3_roll_min_1h,0.00038456369657069445
XGBoost,Zone_2_Power_Consumption,Zone_3_roll_min_24h,0.00013176919310353696
XGBoost,Zone_2_Power_Consumption,Zone_3_roll_std_1h,0.0013163442490622401
XGBoost,Zone_2_Power_Consumption,Zone_3_roll_std_24h,0.0002486423763912171
Random Forest,Zone_3_Power_Consumption,Day_of_Week,1.2809443944352255e-05
Random Forest,Zone_3_Power_Consumption,Diffuse_Flows,0.00041200295439847227
Random Forest,Zone_3_Power_Consumption,General_Diffuse_Flows,0.0004351215155130257
Random Forest,Zone_3_Power_Consumption,Hour,0.00012049191042511878
Random Forest,Zone_3_Power_Consumption,Humidity,3.378828951698804e-05
Random Forest,Zone_3_Power_Consumption,Is_Peak_Hour,2.558735199153355e-05
Random Forest,Zone_3_Power_Consumption,Is_Weekend,1.9421805713337604e-06
Random Forest,Zone_3_Power_Consumption,Month,0.0001325287459689086
Random Forest,Zone_3_Power_Consumption,Quarter,2.6797693320944047e-05
Random Forest,Zone_3_Power_Consumption,Season_Autumn,1.1218930628939667e-06
Random Forest,Zone_3_Power_Consumption,Season_Spring,4.063793514313339e-06
Random Forest,Zone_3_Power_Consumption,Season_Summer,5.40063040482408e-06
Random Forest,Zone_3_Power_Consumption,Season_Winter,1.2392375686866037e-06
Random Forest,Zone_3_Power_Consumption,Temp_Humidity_Index,5.3824400038255416e-05
Random Forest,Zone_3_Power_Consumption,Temperature,5.1364427518495226e-05
Random Forest,Zone_3_Power_Consumption,Wind_Speed,3.977091469113431e-05
Random Forest,Zone_3_Power_Consumption,Zone_1_lag_1,4.891829194960075e-05
Random Forest,Zone_3_Power_Consumption,Zone_1_lag_144,8.461798549440992e-05
Random Forest,Zone_3_Power_Consumption,Zone_1_lag_6,3.8597317509501936e-05
Random Forest,Zone_3_Power_Consumption,Zone_1_roll_max_1h,2.5359095345838164e-05
Random Forest,Zone_3_Power_Consumption,Zone_1_roll_max_24h,2.810953703472672e-05
Random Forest,Zone_3_Power_Consumption,Zone_1_roll_mean_1h,2.777817067384852e-05
Random Forest,Zone_3_Power_Consumption,Zone_1_roll_mean_24h,3.270194061076049e-05
Random Forest,Zone_3_Power_Consumption,Zone_1_roll_min_1h,2.9786624810241393e-05
Random Forest,Zone_3_Power_Consumption,Zone_1_roll_min_24h,3.504690633376418e-05
Random Forest,Zone_3_Power_Consumption,Zone_1_roll_std_1h,0.000102505477146604
Random Forest,Zone_3_Power_Consumption,Zone_1_roll_std_24h,3.52859504026362e-05
Random Forest,Zone_3_Power_Consumption,Zone_2_lag_1,3.900008435066831e-05
Random Forest,Zone_3_Power_Consumption,Zone_2_lag_144,9.283121343384553e-05
Random Forest,Zone_3_Power_Consumption,Zone_2_lag_6,2.0368675058627625e-05
Random Forest,Zone_3_Power_Consumption,Zone_2_roll_max_1h,3.094406355327378e-05
Random Forest,Zone_3_Power_Consumption,Zone_2_roll_max_24h,2.6398571948892368e-05
Random Forest,Zone_3_Power_Consumption,Zone_2_roll_mean_1h,2.6076741428799902e-05
Random Forest,Zone_3_Power_Consumption,Zone_2_roll_mean_24h,2.9438301433947368e-05
Random Forest,Zone_3_Power_Consumption,Zone_2_roll_min_1h,1.9038889629847233e-05
Random Forest,Zone_3_Power_Consumption,Zone_2_roll_min_24h,2.2722056590703576e-05
Random Forest,Zone_3_Power_Consumption,Zone_2_roll_std_1h,8.520161149402115e-05
Random Forest,Zone_3_Power_Consumption,Zone_2_roll_std_24h,3.5091581110596735e-05
Random Forest,Zone_3_Power_Consumption,Zone_3_lag_1,0.6702828364134116
Random Forest,Zone_3_Power_Consumption,Zone_3_lag_144,0.22158228384735756
Random Forest,Zone_3_Power_Consumption,Zone_3_lag_6,0.0003439316905021841
Random Forest,Zone_3_Power_Consumption,Zone_3_roll_max_1h,0.05040348594128861
Random Forest,Zone_3_Power_Consumption,Zone_3_roll_max_24h,5.862676111879892e-05
Random Forest,Zone_3_Power_Consumption,Zone_3_roll_mean_1h,0.05063823245384608
Random Forest,Zone_3_Power_Consumption,Zone_3_roll_mean_24h,9.09777720084659e-05
Random Forest,Zone_3_Power_Consumption,Zone_3_roll_min_1h,0.00396192574544788
Random Forest,Zone_3_Power_Consumption,Zone_3_roll_min_24h,4.449511015485679e-05
Random Forest,Zone_3_Power_Consumption,Zone_3_roll_std_1h,0.00025394432433791013
Random Forest,Zone_3_Power_Consumption,Zone_3_roll_std_24h,6.558547073169224e-05
XGBoost,Zone_3_Power_Consumption,Day_of_Week,0.0001564885606057942
XGBoost,Zone_3_Power_Consumption,Diffuse_Flows,0.002361834282055497
XGBoost,Zone_3_Power_Consumption,General_Diffuse_Flows,0.001746593276038766
XGBoost,Zone_3_Power_Consumption,Hour,0.0006996815791353583
XGBoost,Zone_3_Power_Consumption,Humidity,4.0653008909430355e-05
XGBoost,Zone_3_Power_Consumption,Is_Peak_Hour,0.0014812808949500322
XGBoost,Zone_3_Power_Consumption,Is_Weekend,0.00020453374600037932
XGBoost,Zone_3_Power_Consumption,Month,0.0019610964227467775
XGBoost,Zone_3_Power_Consumption,Quarter,0.004836007487028837
XGBoost,Zone_3_Power_Consumption,Season_Autumn,9.110513929044828e-05
XGBoost,Zone_3_Power_Consumption,Season_Spring,0.0
XGBoost,Zone_3_Power_Consumption,Season_Summer,0.00014348045806400478
XGBoost,Zone_3_Power_Consumption,Season_Winter,0.0
XGBoost,Zone_3_Power_Consumption,Temp_Humidity_Index,7.81233684392646e-05
XGBoost,Zone_3_Power_Consumption,Temperature,0.0005810054135508835
XGBoost,Zone_3_Power_Consumption,Wind_Speed,6.29695423413068e-05
XGBoost,Zone_3_Power_Consumption,Zone_1_lag_1,0.00037230513407848775
XGBoost,Zone_3_Power_Consumption,Zone_1_lag_144,0.0003236931224819273
XGBoost,Zone_3_Power_Consumption,Zone_1_lag_6,0.00037326719029806554
XGBoost,Zone_3_Power_Consumption,Zone_1_roll_max_1h,0.00042407604632899165
XGBoost,Zone_3_Power_Consumption,Zone_1_roll_max_24h,9.168083488475531e-05
XGBoost,Zone_3_Power_Consumption,Zone_1_roll_mean_1h,0.0002713087305892259
XGBoost,Zone_3_Power_Consumption,Zone_1_roll_mean_24h,9.628077532397583e-05
XGBoost,Zone_3_Power_Consumption,Zone_1_roll_min_1h,0.00017331521667074412
XGBoost,Zone_3_Power_Consumption,Zone_1_roll_min_24h,0.0001462735526729375
XGBoost,Zone_3_Power_Consumption,Zone_1_roll_std_1h,0.0005091014318168163
XGBoost,Zone_3_Power_Consumption,Zone_1_roll_std_24h,0.00014027829456608742
XGBoost,Zone_3_Power_Consumption,Zone_2_lag_1,0.00018420099513605237
XGBoost,Zone_3_Power_Consumption,Zone_2_lag_144,0.0003690341836772859
XGBoost,Zone_3_Power_Consumption,Zone_2_lag_6,0.00010696342360461131
XGBoost,Zone_3_Power_Consumption,Zone_2_roll_max_1h,0.0005665146163664758
XGBoost,Zone_3_Power_Consumption,Zone_2_roll_max_24h,0.00016591242456343025
XGBoost,Zone_3_Power_Consumption,Zone_2_roll_mean_1h,0.00044599309330806136
XGBoost,Zone_3_Power_Consumption,Zone_2_roll_mean_24h,0.00013596346252597868
XGBoost,Zone_3_Power_Consumption,Zone_2_roll_min_1h,8.068813622230664e-05
XGBoost,Zone_3_Power_Consumption,Zone_2_roll_min_24h,0.0001767461362760514
XGBoost,Zone_3_Power_Consumption,Zone_2_roll_std_1h,0.0003823809092864394
XGBoost,Zone_3_Power_Consumption,Zone_2_roll_std_24h,0.0001416323648300022
XGBoost,Zone_3_Power_Consumption,Zone_3_lag_1,0.784805417060852
XGBoost,Zone_3_Power_Consumption,Zone_3_lag_144,0.18431603908538818
XGBoost,Zone_3_Power_Consumption,Zone_3_lag_6,0.0020074404310435057
XGBoost,Zone_3_Power_Consumption,Zone_3_roll_max_1h,0.0013125985860824585
XGBoost,Zone_3_Power_Consumption,Zone_3_roll_max_24h,0.0007647390593774617
XGBoost,Zone_3_Power_Consumption,Zone_3_roll_mean_1h,0.0015078096184879541
XGBoost,Zone_3_Power_Consumption,Zone_3_roll_mean_24h,0.0005318623152561486
XGBoost,Zone_3_Power_Consumption,Zone_3_roll_min_1h,0.0034834023099392653
XGBoost,Zone_3_Power_Consumption,Zone_3_roll_min_24h,0.0001939882495207712
XGBoost,Zone_3_Power_Consumption,Zone_3_roll_std_1h,0.0006680672522634268
XGBoost,Zone_3_Power_Consumption,Zone_3_roll_std_24h,0.00028612997266463935
